"","exam","attempt","score"
"1","516647/Mathematics",1,75
"2","193841/Data Bases",2,49
"3","326761/Computer Networks",2,75
"4","230275/Data Bases",1,73
"5","911920/OOP",1,55
"6","840873/Formal Languages",1,33
"7","473291/Mathematics",2,56
"8","412501/Mathematics",2,102
"9","320446/Formal Languages",2,26
"10","332749/Formal Languages",1,67
"11","310006/Mathematics",1,25
"12","702390/Mathematics",2,50
"13","971258/Computer Networks",1,70
"14","899219/Mathematics",2,50
"15","212398/OOP",2,43
"16","880476/Mathematics",1,76
"17","839384/Formal Languages",3,63
"18","326761/OOP",1,48
"19","230275/Software Engineering",1,66
"20","494708/Formal Languages",1,60
"21","165954/Computer Networks",2,46
"22","998688/OOP",1,71
"23","178873/OOP",2,77
"24","161160/Data Bases",1,44
"25","736413/Formal Languages",2,68
"26","750187/Data Bases",1,82
"27","833358/OOP",2,62
"28","865792/Formal Languages",1,73
"29","172676/Software Engineering",1,49
"30","394291/Mathematics",2,58
"31","516647/Software Engineering",1,89
"32","289839/Formal Languages",1,50
"33","900954/OOP",1,96
"34","821672/Software Engineering",1,60
"35","912491/Software Engineering",1,73
"36","952135/Computer Networks",2,69
"37","840999/OOP",1,51
"38","852722/Data Bases",3,59
"39","912491/Computer Networks",1,32
"40","305318/Formal Languages",1,67
"41","858817/Formal Languages",2,43
"42","205886/OOP",2,45
"43","679330/Computer Networks",1,57
"44","593391/Formal Languages",3,64
"45","479943/OOP",1,47
"46","771477/Mathematics",2,56
"47","367455/Computer Networks",2,62
"48","292556/Formal Languages",1,49
"49","593391/Data Bases",1,90
"50","611327/Formal Languages",3,52
"51","367455/OOP",2,66
"52","801640/Data Bases",1,46
"53","332749/Computer Networks",1,75
"54","963842/Software Engineering",2,76
"55","412501/Formal Languages",1,64
"56","662818/Data Bases",2,60
"57","274403/Formal Languages",2,58
"58","861287/OOP",3,66
"59","840999/Software Engineering",1,73
"60","899219/Software Engineering",1,59
"61","661544/OOP",1,64
"62","327702/Formal Languages",1,59
"63","470654/Mathematics",1,59
"64","795670/OOP",2,68
"65","679330/OOP",1,77
"66","766644/Mathematics",1,70
"67","572146/Computer Networks",1,68
"68","446721/Software Engineering",1,64
"69","740600/Mathematics",1,41
"70","988856/OOP",2,69
"71","481188/Formal Languages",1,32
"72","455887/OOP",2,63
"73","143714/Computer Networks",1,48
"74","230275/Mathematics",1,39
"75","797899/Software Engineering",1,57
"76","998688/Software Engineering",1,59
"77","892673/Software Engineering",1,62
"78","129820/Computer Networks",3,62
"79","497355/Formal Languages",1,56
"80","383816/Computer Networks",1,47
"81","162889/Formal Languages",2,61
"82","127679/Computer Networks",1,108
"83","341491/Formal Languages",1,57
"84","479943/Formal Languages",2,57
"85","470654/Software Engineering",2,64
"86","521264/Data Bases",2,53
"87","901672/Mathematics",1,56
"88","399479/Mathematics",1,19
"89","688090/Software Engineering",1,74
"90","168541/Software Engineering",2,58
"91","662818/Formal Languages",3,54
"92","876999/Formal Languages",1,70
"93","509605/Data Bases",1,68
"94","327702/Mathematics",1,52
"95","521264/Formal Languages",1,27
"96","212854/Data Bases",1,69
"97","111368/Formal Languages",1,52
"98","400550/Formal Languages",2,47
"99","502355/Data Bases",1,69
"100","134285/Software Engineering",1,67
"101","363527/Computer Networks",1,75
"102","279654/Data Bases",1,72
"103","412501/OOP",1,80
"104","979758/Mathematics",1,85
"105","304865/Mathematics",1,54
"106","662818/Software Engineering",1,51
"107","473291/Data Bases",1,57
"108","675196/Software Engineering",1,53
"109","153679/Software Engineering",2,54
"110","833358/Data Bases",2,47
"111","166089/Mathematics",1,38
"112","789624/Data Bases",3,56
"113","880476/OOP",2,50
"114","840999/Mathematics",1,66
"115","313057/Mathematics",1,96
"116","699741/Mathematics",2,51
"117","983150/Formal Languages",1,67
"118","537231/Data Bases",1,55
"119","470654/Computer Networks",2,75
"120","679330/Mathematics",2,62
"121","141174/OOP",3,58
"122","432144/Formal Languages",1,46
"123","833358/Mathematics",1,78
"124","534367/Data Bases",1,32
"125","115525/Mathematics",1,47
"126","892673/Data Bases",1,61
"127","347491/Software Engineering",1,70
"128","205886/Formal Languages",1,49
"129","534367/Formal Languages",1,44
"130","341491/Software Engineering",2,42
"131","327702/Software Engineering",1,62
"132","750187/Computer Networks",1,52
"133","564956/Computer Networks",3,38
"134","524991/Software Engineering",2,57
"135","878937/OOP",2,91
"136","161160/Mathematics",2,95
"137","105073/OOP",2,61
"138","609386/Formal Languages",1,59
"139","597752/OOP",1,50
"140","602527/Data Bases",1,54
"141","326761/Data Bases",2,40
"142","462587/Formal Languages",2,61
"143","292556/OOP",1,59
"144","524991/Formal Languages",2,79
"145","697254/Data Bases",1,62
"146","332749/Mathematics",1,70
"147","856673/OOP",1,56
"148","217029/Formal Languages",1,42
"149","249999/OOP",3,54
"150","145275/Data Bases",1,79
"151","168541/OOP",1,58
"152","196960/Computer Networks",2,77
"153","470654/OOP",1,72
"154","728447/Computer Networks",1,68
"155","558972/Data Bases",1,49
"156","210267/Mathematics",1,46
"157","436816/Software Engineering",1,56
"158","422890/Data Bases",2,78
"159","455887/Software Engineering",2,78
"160","947223/Mathematics",2,26
"161","538696/Formal Languages",2,59
"162","393791/OOP",1,82
"163","782677/Computer Networks",1,56
"164","363527/OOP",1,59
"165","313057/OOP",2,64
"166","206185/Mathematics",1,60
"167","739149/Software Engineering",1,73
"168","459830/Formal Languages",1,43
"169","938275/Mathematics",1,67
"170","341491/OOP",1,70
"171","455887/Computer Networks",2,56
"172","371240/Software Engineering",2,53
"173","161127/Software Engineering",2,71
"174","179794/OOP",2,39
"175","347491/OOP",1,47
"176","105073/Software Engineering",1,60
"177","134285/OOP",1,39
"178","212854/Mathematics",1,43
"179","206185/Computer Networks",1,53
"180","209173/Formal Languages",1,44
"181","952135/Mathematics",2,72
"182","772245/Mathematics",1,50
"183","952135/Software Engineering",3,44
"184","819069/Data Bases",2,79
"185","397272/Data Bases",1,54
"186","597752/Data Bases",1,52
"187","228432/Formal Languages",1,67
"188","819069/Computer Networks",1,56
"189","565302/Software Engineering",2,54
"190","301421/Software Engineering",2,72
"191","210267/Formal Languages",2,48
"192","998688/Formal Languages",1,85
"193","399479/OOP",3,37
"194","291730/Data Bases",1,83
"195","923470/Computer Networks",3,48
"196","509605/Computer Networks",3,49
"197","291730/Software Engineering",1,66
"198","450915/OOP",1,61
"199","564956/Data Bases",1,53
"200","151103/Computer Networks",1,45
"201","481188/OOP",2,50
"202","650857/Formal Languages",1,18
"203","878587/Mathematics",1,53
"204","900954/Mathematics",1,48
"205","972853/OOP",1,59
"206","400550/Data Bases",1,45
"207","420217/Software Engineering",1,60
"208","209173/OOP",1,73
"209","105023/Computer Networks",1,62
"210","249999/Computer Networks",2,65
"211","516647/Data Bases",2,92
"212","840999/Formal Languages",1,71
"213","772630/Computer Networks",2,29
"214","747107/Data Bases",1,79
"215","576086/Data Bases",1,56
"216","301421/Computer Networks",2,64
"217","411462/Mathematics",1,80
"218","880476/Computer Networks",1,80
"219","375412/Data Bases",1,14
"220","740600/Computer Networks",1,40
"221","702336/Data Bases",1,9
"222","109038/Data Bases",2,60
"223","821672/Data Bases",2,63
"224","901672/Software Engineering",2,86
"225","419155/Mathematics",1,66
"226","165954/OOP",2,71
"227","593391/Mathematics",3,63
"228","500594/OOP",2,60
"229","455347/Mathematics",3,77
"230","153679/Mathematics",1,65
"231","502355/Mathematics",1,56
"232","965356/OOP",2,66
"233","971258/Software Engineering",1,43
"234","220752/Mathematics",1,43
"235","436816/Formal Languages",2,73
"236","988856/Computer Networks",1,35
"237","702365/Computer Networks",1,76
"238","988856/Data Bases",1,62
"239","538696/Data Bases",1,49
"240","697254/Software Engineering",1,75
"241","445495/OOP",1,86
"242","766644/Computer Networks",1,59
"243","661544/Mathematics",1,36
"244","899219/Computer Networks",2,67
"245","572146/Software Engineering",1,50
"246","421675/Data Bases",2,56
"247","481188/Data Bases",2,61
"248","782677/Data Bases",2,76
"249","178873/Software Engineering",2,51
"250","605896/Data Bases",2,18
"251","558972/Computer Networks",1,47
"252","375412/Mathematics",1,39
"253","521264/Mathematics",1,69
"254","111449/Formal Languages",2,49
"255","420217/Formal Languages",2,74
"256","972853/Data Bases",3,46
"257","688090/Mathematics",2,21
"258","699741/Computer Networks",1,46
"259","702336/OOP",1,77
"260","786383/Data Bases",2,39
"261","739149/Data Bases",1,45
"262","563520/OOP",1,67
"263","963842/Data Bases",1,73
"264","161127/Data Bases",1,64
"265","161160/Computer Networks",2,49
"266","772630/Formal Languages",1,34
"267","502355/OOP",2,41
"268","411462/Computer Networks",1,46
"269","394291/Data Bases",2,60
"270","468251/Computer Networks",1,67
"271","852722/OOP",1,38
"272","145275/Formal Languages",1,87
"273","301421/Mathematics",1,63
"274","979457/Formal Languages",1,66
"275","196960/Software Engineering",3,29
"276","797899/Data Bases",1,74
"277","788026/Software Engineering",1,53
"278","428911/Formal Languages",1,62
"279","509605/OOP",1,52
"280","455347/Data Bases",1,93
"281","455347/Software Engineering",1,65
"282","399479/Data Bases",2,63
"283","551206/Mathematics",2,38
"284","732214/Data Bases",2,87
"285","411462/Formal Languages",1,66
"286","983150/Mathematics",2,52
"287","420217/Mathematics",2,63
"288","997118/Software Engineering",1,55
"289","500594/Data Bases",3,75
"290","468251/Software Engineering",2,89
"291","891637/Computer Networks",1,74
"292","901672/Computer Networks",1,57
"293","332829/Data Bases",1,76
"294","304865/OOP",1,75
"295","326761/Formal Languages",2,57
"296","736413/Mathematics",3,57
"297","161127/OOP",3,65
"298","766644/Software Engineering",1,79
"299","750187/Formal Languages",1,69
"300","412501/Data Bases",3,45
"301","979758/Computer Networks",2,60
"302","290040/Mathematics",1,74
"303","401424/OOP",2,49
"304","189094/Data Bases",1,43
"305","997118/Mathematics",1,53
"306","563520/Formal Languages",2,55
"307","588458/OOP",1,66
"308","786383/Mathematics",2,58
"309","564956/Formal Languages",1,72
"310","479943/Data Bases",1,57
"311","971258/OOP",1,64
"312","747107/Computer Networks",1,40
"313","625080/Computer Networks",3,47
"314","355817/OOP",2,58
"315","598824/Software Engineering",2,54
"316","638731/Formal Languages",3,80
"317","199185/Software Engineering",1,75
"318","563520/Mathematics",2,58
"319","865792/Data Bases",2,57
"320","355817/Software Engineering",2,69
"321","657642/Mathematics",1,54
"322","766644/Formal Languages",1,48
"323","801640/OOP",1,66
"324","938275/OOP",3,83
"325","551206/Formal Languages",1,66
"326","166089/Data Bases",1,48
"327","521264/Computer Networks",1,55
"328","497355/Software Engineering",2,51
"329","383816/Formal Languages",1,72
"330","979758/Formal Languages",2,53
"331","938275/Software Engineering",1,83
"332","371798/Software Engineering",1,48
"333","565457/Software Engineering",2,50
"334","419155/Data Bases",1,93
"335","132157/OOP",1,84
"336","190192/Mathematics",1,60
"337","565457/OOP",1,41
"338","597752/Software Engineering",2,49
"339","658673/Computer Networks",1,55
"340","371798/Data Bases",2,61
"341","320446/Computer Networks",1,72
"342","657642/Data Bases",1,79
"343","290040/Formal Languages",1,45
"344","943465/Computer Networks",3,60
"345","856673/Software Engineering",2,71
"346","113224/Mathematics",1,44
"347","843097/Software Engineering",2,85
"348","291305/Mathematics",1,75
"349","105583/OOP",1,76
"350","189094/Formal Languages",1,56
"351","151103/OOP",1,62
"352","858003/Computer Networks",1,67
"353","445495/Mathematics",1,42
"354","326761/Mathematics",1,49
"355","212854/Computer Networks",1,65
"356","979758/Data Bases",1,51
"357","789624/Formal Languages",1,32
"358","728447/OOP",2,65
"359","950706/Mathematics",1,58
"360","397272/Software Engineering",1,59
"361","312076/Data Bases",2,71
"362","301421/OOP",2,56
"363","438425/Computer Networks",1,87
"364","371240/Data Bases",2,54
"365","856673/Mathematics",1,74
"366","371240/Computer Networks",1,64
"367","205886/Software Engineering",3,67
"368","230275/Formal Languages",1,72
"369","822482/Computer Networks",1,94
"370","162889/OOP",1,66
"371","744382/Data Bases",1,62
"372","892673/Mathematics",2,72
"373","132157/Data Bases",1,49
"374","210267/Computer Networks",2,49
"375","662818/Computer Networks",2,58
"376","165954/Software Engineering",2,75
"377","878587/Data Bases",1,53
"378","420217/Data Bases",1,50
"379","521264/Software Engineering",1,74
"380","115525/Software Engineering",1,40
"381","947223/Computer Networks",1,46
"382","979758/OOP",2,67
"383","450915/Software Engineering",1,68
"384","697254/Formal Languages",1,71
"385","876999/Mathematics",1,51
"386","661544/Data Bases",2,58
"387","393791/Mathematics",2,44
"388","747107/OOP",2,78
"389","739149/OOP",1,69
"390","605896/Mathematics",1,48
"391","971090/Data Bases",2,47
"392","892673/Computer Networks",1,69
"393","481188/Computer Networks",1,78
"394","232487/Mathematics",2,27
"395","105073/Mathematics",1,88
"396","924148/Data Bases",2,86
"397","509605/Software Engineering",1,67
"398","717033/Formal Languages",2,45
"399","127679/Data Bases",1,44
"400","972853/Software Engineering",2,48
"401","876999/Software Engineering",3,52
"402","983150/Computer Networks",1,80
"403","963842/OOP",2,88
"404","602527/Software Engineering",1,64
"405","291305/Formal Languages",1,60
"406","459830/Data Bases",3,67
"407","865792/Mathematics",1,49
"408","565302/Mathematics",3,52
"409","833358/Formal Languages",3,61
"410","947223/OOP",2,58
"411","105023/Formal Languages",1,55
"412","593391/OOP",1,22
"413","858817/Mathematics",1,74
"414","514550/Formal Languages",1,70
"415","341491/Data Bases",1,54
"416","861287/Data Bases",1,47
"417","302972/Data Bases",2,47
"418","786383/Formal Languages",1,74
"419","977981/Computer Networks",1,49
"420","399479/Formal Languages",1,57
"421","428551/Formal Languages",1,60
"422","658673/OOP",1,39
"423","455887/Formal Languages",3,52
"424","890526/Formal Languages",1,33
"425","801640/Mathematics",1,39
"426","928240/Computer Networks",1,89
"427","878937/Data Bases",1,49
"428","327144/Data Bases",3,78
"429","333111/Data Bases",1,70
"430","938275/Data Bases",2,51
"431","552325/OOP",1,26
"432","152618/Software Engineering",2,70
"433","111449/Mathematics",1,48
"434","797899/Computer Networks",2,67
"435","436816/Computer Networks",1,63
"436","880476/Data Bases",3,77
"437","858003/Formal Languages",1,60
"438","502355/Formal Languages",1,39
"439","739149/Formal Languages",2,35
"440","876999/Data Bases",1,43
"441","305318/Computer Networks",1,32
"442","274403/Software Engineering",3,81
"443","411462/Software Engineering",2,30
"444","233839/Software Engineering",1,48
"445","320446/Mathematics",1,62
"446","801251/Software Engineering",1,49
"447","679330/Formal Languages",2,62
"448","598824/OOP",1,69
"449","658673/Formal Languages",2,71
"450","702390/Formal Languages",2,74
"451","113224/Software Engineering",1,64
"452","858003/Software Engineering",2,57
"453","115525/Data Bases",3,55
"454","193841/Formal Languages",2,52
"455","843097/Data Bases",1,72
"456","198892/Mathematics",2,54
"457","795670/Computer Networks",3,66
"458","765062/Data Bases",1,81
"459","241229/Mathematics",1,56
"460","699741/Data Bases",1,63
"461","727155/Mathematics",1,75
"462","947223/Data Bases",1,55
"463","546447/Formal Languages",1,75
"464","199185/Data Bases",1,51
"465","189094/OOP",1,61
"466","923470/Formal Languages",1,39
"467","728537/Computer Networks",3,59
"468","161127/Formal Languages",1,51
"469","588458/Computer Networks",2,80
"470","145275/Software Engineering",1,24
"471","198892/OOP",1,59
"472","901672/Formal Languages",3,73
"473","965356/Mathematics",1,55
"474","923165/Formal Languages",1,62
"475","240826/Formal Languages",3,53
"476","880476/Formal Languages",1,64
"477","233839/OOP",1,66
"478","438425/Data Bases",2,71
"479","310006/Data Bases",1,74
"480","168541/Computer Networks",1,73
"481","923470/Data Bases",2,44
"482","351726/Formal Languages",1,55
"483","782677/Mathematics",2,58
"484","105023/OOP",1,75
"485","109038/Mathematics",2,52
"486","212398/Mathematics",2,56
"487","428911/OOP",1,73
"488","917810/Formal Languages",1,63
"489","971090/Software Engineering",1,33
"490","965356/Software Engineering",2,46
"491","979457/Software Engineering",1,75
"492","473291/Software Engineering",1,80
"493","839384/Software Engineering",2,94
"494","658673/Software Engineering",2,57
"495","628205/OOP",1,72
"496","383816/Data Bases",3,44
"497","861287/Software Engineering",2,47
"498","421675/Software Engineering",3,50
"499","249999/Formal Languages",1,69
"500","750187/Software Engineering",3,63
"501","900954/Formal Languages",1,44
"502","840873/Software Engineering",2,59
"503","736413/Data Bases",2,47
"504","689626/Data Bases",2,65
"505","113224/Computer Networks",1,53
"506","924148/Mathematics",1,89
"507","313057/Software Engineering",1,65
"508","143714/Formal Languages",3,63
"509","900954/Computer Networks",3,69
"510","609386/OOP",2,53
"511","332829/Formal Languages",2,73
"512","702365/Mathematics",1,43
"513","689626/OOP",1,79
"514","740600/OOP",2,31
"515","840999/Computer Networks",2,76
"516","952135/OOP",1,68
"517","973130/Mathematics",2,61
"518","178873/Computer Networks",1,69
"519","534367/Mathematics",1,65
"520","900954/Data Bases",1,89
"521","744382/OOP",1,41
"522","739149/Mathematics",1,75
"523","572146/OOP",1,82
"524","332829/Software Engineering",3,70
"525","198892/Data Bases",1,60
"526","445495/Data Bases",1,78
"527","228432/OOP",1,66
"528","717033/Mathematics",1,73
"529","576086/Mathematics",2,79
"530","459830/Computer Networks",2,70
"531","178873/Mathematics",1,44
"532","351726/Mathematics",2,81
"533","912491/Mathematics",2,77
"534","972853/Mathematics",1,36
"535","593391/Computer Networks",1,46
"536","524991/Mathematics",1,51
"537","401424/Formal Languages",1,53
"538","917810/Computer Networks",2,44
"539","638731/Mathematics",2,49
"540","400550/Mathematics",1,43
"541","143714/Mathematics",1,63
"542","363527/Mathematics",2,49
"543","766644/Data Bases",2,60
"544","946140/OOP",1,40
"545","347491/Computer Networks",1,46
"546","132157/Mathematics",2,51
"547","865792/Software Engineering",2,57
"548","765062/Computer Networks",1,86
"549","289839/OOP",1,65
"550","240826/OOP",1,45
"551","565457/Mathematics",1,33
"552","727155/Software Engineering",1,77
"553","400550/OOP",1,52
"554","923165/Computer Networks",3,60
"555","662818/OOP",2,90
"556","332829/Computer Networks",1,38
"557","534367/Software Engineering",2,45
"558","923165/Software Engineering",2,68
"559","151103/Data Bases",1,53
"560","924148/Computer Networks",2,33
"561","558972/Formal Languages",1,58
"562","858817/Software Engineering",1,86
"563","310006/Formal Languages",1,66
"564","852722/Mathematics",1,54
"565","965356/Formal Languages",1,48
"566","302972/Computer Networks",1,36
"567","494708/OOP",1,68
"568","952135/Data Bases",1,49
"569","788026/Computer Networks",1,44
"570","782677/OOP",2,87
"571","105583/Data Bases",1,80
"572","728258/OOP",1,63
"573","878587/OOP",2,61
"574","428551/Mathematics",1,54
"575","702365/OOP",2,82
"576","901672/OOP",1,64
"577","891637/Data Bases",1,73
"578","212398/Formal Languages",2,49
"579","332749/OOP",2,61
"580","504521/Mathematics",1,83
"581","878587/Computer Networks",2,74
"582","821672/OOP",2,84
"583","797899/OOP",1,31
"584","839384/Mathematics",3,52
"585","516647/Formal Languages",1,39
"586","274403/Mathematics",1,67
"587","717782/Software Engineering",2,53
"588","766644/OOP",1,67
"589","394291/Computer Networks",1,48
"590","153679/Data Bases",2,45
"591","199185/OOP",1,48
"592","327702/OOP",1,61
"593","609386/Data Bases",1,74
"594","702390/OOP",2,62
"595","598824/Formal Languages",3,68
"596","717782/Data Bases",1,63
"597","917810/Data Bases",2,95
"598","675196/Mathematics",1,82
"599","161160/Software Engineering",2,46
"600","576086/Computer Networks",1,63
"601","537231/Mathematics",1,62
"602","801640/Software Engineering",2,71
"603","702390/Software Engineering",1,67
"604","856673/Data Bases",1,59
"605","605896/Computer Networks",1,54
"606","134285/Mathematics",1,55
"607","217029/OOP",1,49
"608","771477/Data Bases",1,76
"609","538696/Software Engineering",1,39
"610","740600/Software Engineering",1,32
"611","341491/Computer Networks",1,46
"612","428551/Computer Networks",1,73
"613","189094/Mathematics",1,85
"614","401243/Data Bases",1,68
"615","168541/Formal Languages",1,56
"616","206185/Software Engineering",1,56
"617","279654/Computer Networks",1,46
"618","302972/Mathematics",1,57
"619","291305/Software Engineering",1,33
"620","938275/Computer Networks",3,57
"621","938275/Formal Languages",2,50
"622","950706/OOP",2,64
"623","699741/Software Engineering",3,80
"624","401243/Formal Languages",2,42
"625","468251/Formal Languages",2,62
"626","497355/OOP",3,67
"627","997118/Computer Networks",2,64
"628","393791/Computer Networks",2,64
"629","657642/Software Engineering",1,64
"630","402279/Formal Languages",1,63
"631","159766/Data Bases",3,79
"632","611327/Software Engineering",1,57
"633","212854/OOP",3,34
"634","538696/Mathematics",1,44
"635","105073/Data Bases",1,71
"636","912491/OOP",1,59
"637","625080/Formal Languages",1,91
"638","274403/OOP",1,74
"639","401424/Mathematics",2,44
"640","675196/Computer Networks",2,47
"641","565302/OOP",2,58
"642","419155/OOP",2,61
"643","212398/Computer Networks",1,53
"644","111449/Software Engineering",1,59
"645","355817/Formal Languages",1,46
"646","998688/Mathematics",1,80
"647","788026/Formal Languages",1,62
"648","546447/Data Bases",3,38
"649","950706/Software Engineering",1,52
"650","141174/Software Engineering",2,61
"651","172676/Data Bases",2,60
"652","965356/Data Bases",1,67
"653","890526/Data Bases",1,95
"654","333111/Mathematics",1,60
"655","312076/OOP",2,80
"656","283090/Software Engineering",1,81
"657","782677/Software Engineering",1,53
"658","109038/Software Engineering",1,45
"659","730000/Mathematics",1,38
"660","129820/Software Engineering",1,57
"661","858817/Computer Networks",2,39
"662","249999/Mathematics",1,55
"663","891637/Formal Languages",2,49
"664","291305/OOP",1,71
"665","241229/Formal Languages",1,86
"666","402279/Computer Networks",1,61
"667","105583/Computer Networks",1,77
"668","725906/Computer Networks",2,79
"669","840873/OOP",2,61
"670","971258/Data Bases",1,59
"671","151103/Software Engineering",1,87
"672","397272/Formal Languages",2,58
"673","132157/Software Engineering",1,75
"674","165954/Formal Languages",1,92
"675","304865/Computer Networks",1,45
"676","312076/Software Engineering",2,71
"677","946140/Data Bases",2,46
"678","725906/Data Bases",2,43
"679","134285/Computer Networks",1,41
"680","551206/Software Engineering",2,54
"681","347491/Formal Languages",2,55
"682","878587/Software Engineering",1,42
"683","228432/Mathematics",3,32
"684","915352/Mathematics",1,24
"685","973130/OOP",1,70
"686","411462/Data Bases",1,55
"687","151103/Mathematics",3,62
"688","397272/Mathematics",1,68
"689","455347/Formal Languages",1,56
"690","320446/Data Bases",2,70
"691","371240/OOP",2,53
"692","702336/Formal Languages",1,46
"693","502355/Computer Networks",1,38
"694","462587/Mathematics",2,59
"695","141174/Mathematics",2,64
"696","233839/Mathematics",3,75
"697","786383/OOP",3,63
"698","822482/OOP",1,66
"699","833358/Software Engineering",1,71
"700","111449/OOP",2,46
"701","772245/Formal Languages",2,52
"702","942665/OOP",2,40
"703","997118/OOP",1,56
"704","479943/Computer Networks",1,65
"705","514550/Data Bases",2,68
"706","152618/Computer Networks",2,67
"707","220752/OOP",1,69
"708","588458/Software Engineering",3,83
"709","702390/Data Bases",1,43
"710","795670/Data Bases",2,38
"711","500594/Computer Networks",1,61
"712","650857/OOP",3,39
"713","534367/OOP",1,53
"714","355817/Data Bases",2,90
"715","162889/Mathematics",2,67
"716","419155/Software Engineering",3,62
"717","292556/Mathematics",1,57
"718","661544/Computer Networks",3,71
"719","891637/Mathematics",1,33
"720","786383/Software Engineering",3,61
"721","997118/Data Bases",1,65
"722","771477/Software Engineering",3,76
"723","725906/OOP",1,47
"724","565302/Formal Languages",2,81
"725","728537/OOP",1,53
"726","291730/OOP",1,54
"727","675196/Formal Languages",1,72
"728","399479/Computer Networks",1,54
"729","240826/Software Engineering",1,61
"730","422890/Formal Languages",1,55
"731","446721/OOP",1,66
"732","113224/Formal Languages",1,34
"733","702336/Software Engineering",1,41
"734","858003/Mathematics",1,60
"735","728447/Software Engineering",2,77
"736","115525/Formal Languages",1,97
"737","852722/Formal Languages",1,77
"738","765062/OOP",2,30
"739","821672/Mathematics",1,76
"740","327144/Software Engineering",1,53
"741","892673/OOP",1,46
"742","822482/Mathematics",2,38
"743","249999/Software Engineering",1,59
"744","521264/OOP",1,51
"745","332749/Software Engineering",1,74
"746","861287/Computer Networks",2,48
"747","563520/Computer Networks",1,52
"748","129820/Mathematics",3,79
"749","765062/Mathematics",1,58
"750","552325/Software Engineering",2,66
"751","310006/Computer Networks",1,94
"752","233839/Data Bases",1,80
"753","283090/OOP",1,82
"754","597752/Formal Languages",1,66
"755","609386/Mathematics",1,78
"756","819069/Software Engineering",2,56
"757","347491/Mathematics",1,40
"758","628205/Computer Networks",1,53
"759","230275/OOP",1,64
"760","152618/Mathematics",2,53
"761","371240/Formal Languages",1,44
"762","688090/Formal Languages",1,73
"763","597752/Computer Networks",1,49
"764","638731/Software Engineering",1,60
"765","363527/Software Engineering",1,40
"766","134285/Formal Languages",1,64
"767","459830/OOP",2,71
"768","450915/Mathematics",1,42
"769","473291/Computer Networks",3,63
"770","394291/Software Engineering",2,80
"771","401243/Mathematics",2,43
"772","446721/Computer Networks",2,90
"773","915352/OOP",1,50
"774","179794/Formal Languages",3,67
"775","728537/Software Engineering",2,53
"776","446721/Data Bases",1,89
"777","241229/Data Bases",1,46
"778","516647/OOP",1,44
"779","795670/Formal Languages",2,69
"780","445495/Formal Languages",1,52
"781","233839/Formal Languages",1,48
"782","917810/Mathematics",2,87
"783","159766/Computer Networks",1,72
"784","605896/Software Engineering",1,38
"785","572146/Mathematics",1,83
"786","193841/Software Engineering",2,63
"787","728537/Data Bases",2,56
"788","228432/Computer Networks",2,77
"789","420217/OOP",1,72
"790","588458/Data Bases",2,44
"791","292556/Data Bases",2,50
"792","446721/Formal Languages",2,67
"793","450915/Formal Languages",1,48
"794","420217/Computer Networks",1,77
"795","739149/Computer Networks",1,60
"796","375412/Computer Networks",2,48
"797","728258/Formal Languages",2,52
"798","819069/OOP",1,64
"799","422890/Software Engineering",1,55
"800","473291/OOP",1,81
"801","371798/Computer Networks",2,57
"802","399479/Software Engineering",1,69
"803","209173/Data Bases",1,89
"804","421675/Mathematics",3,90
"805","928240/Software Engineering",1,72
"806","728258/Computer Networks",1,79
"807","279654/Formal Languages",1,72
"808","946140/Computer Networks",3,35
"809","772630/Software Engineering",3,62
"810","611327/Data Bases",2,74
"811","150714/OOP",2,66
"812","728258/Mathematics",1,55
"813","861287/Formal Languages",1,26
"814","168541/Mathematics",3,66
"815","727155/Formal Languages",1,79
"816","129820/OOP",1,55
"817","788026/Data Bases",2,63
"818","145275/OOP",1,47
"819","572146/Data Bases",2,48
"820","772245/Data Bases",1,46
"821","198892/Computer Networks",1,61
"822","291730/Formal Languages",1,76
"823","979758/Software Engineering",2,75
"824","747107/Mathematics",1,56
"825","732214/Computer Networks",3,74
"826","890526/Software Engineering",1,79
"827","911920/Formal Languages",1,28
"828","402279/Software Engineering",1,84
"829","917810/Software Engineering",1,65
"830","789624/Computer Networks",2,31
"831","383816/OOP",1,66
"832","397272/OOP",1,46
"833","141174/Formal Languages",1,73
"834","240826/Data Bases",2,37
"835","638731/Computer Networks",1,68
"836","283090/Computer Networks",2,58
"837","789624/Software Engineering",3,71
"838","305318/Data Bases",2,38
"839","795670/Software Engineering",2,46
"840","688090/Data Bases",1,94
"841","428911/Mathematics",1,30
"842","833358/Computer Networks",2,65
"843","924148/OOP",1,73
"844","942665/Mathematics",1,54
"845","728258/Software Engineering",2,58
"846","697254/OOP",1,54
"847","971090/Computer Networks",2,29
"848","750187/Mathematics",1,53
"849","625080/Data Bases",1,39
"850","689626/Formal Languages",2,77
"851","728258/Data Bases",2,73
"852","196960/OOP",1,54
"853","109038/Formal Languages",2,70
"854","971090/Formal Languages",3,65
"855","198892/Software Engineering",1,84
"856","217029/Software Engineering",3,69
"857","494708/Software Engineering",3,33
"858","702336/Computer Networks",1,33
"859","821672/Formal Languages",1,71
"860","153679/OOP",1,75
"861","383816/Software Engineering",1,75
"862","563520/Data Bases",1,43
"863","161160/OOP",3,60
"864","375412/Formal Languages",2,32
"865","973130/Computer Networks",2,62
"866","744382/Computer Networks",1,49
"867","371798/Mathematics",3,52
"868","401243/OOP",1,88
"869","598824/Mathematics",2,37
"870","840999/Data Bases",1,51
"871","928240/Mathematics",1,52
"872","494708/Computer Networks",3,62
"873","129820/Data Bases",2,61
"874","193841/Computer Networks",1,85
"875","789624/OOP",3,69
"876","438425/Software Engineering",1,70
"877","438425/Mathematics",1,79
"878","190192/Computer Networks",2,43
"879","355817/Computer Networks",1,72
"880","588458/Formal Languages",1,57
"881","105073/Computer Networks",1,58
"882","217029/Data Bases",1,63
"883","509605/Mathematics",3,47
"884","179794/Software Engineering",1,53
"885","165954/Data Bases",1,81
"886","650857/Computer Networks",1,49
"887","970057/Software Engineering",1,39
"888","728537/Mathematics",3,89
"889","105023/Software Engineering",2,51
"890","161127/Mathematics",2,89
"891","291305/Data Bases",1,52
"892","625080/OOP",2,48
"893","946140/Software Engineering",3,58
"894","971090/Mathematics",2,62
"895","105073/Formal Languages",1,76
"896","355817/Mathematics",3,65
"897","658673/Data Bases",3,70
"898","928240/Data Bases",1,64
"899","232487/Computer Networks",1,68
"900","970057/Formal Languages",2,97
"901","988856/Software Engineering",2,86
"902","438425/Formal Languages",1,58
"903","956349/Software Engineering",1,73
"904","772630/OOP",1,49
"905","371798/OOP",1,61
"906","524991/OOP",2,89
"907","732214/Software Engineering",1,46
"908","605896/Formal Languages",1,61
"909","400550/Computer Networks",2,62
"910","728537/Formal Languages",1,75
"911","821672/Computer Networks",1,38
"912","113224/Data Bases",1,51
"913","717033/OOP",2,50
"914","537231/Software Engineering",2,51
"915","347491/Data Bases",2,63
"916","689626/Mathematics",2,59
"917","220752/Data Bases",1,51
"918","165954/Mathematics",2,60
"919","166089/Formal Languages",1,48
"920","479943/Software Engineering",2,52
"921","422890/Computer Networks",1,78
"922","462587/Computer Networks",3,72
"923","602527/Mathematics",1,47
"924","320446/Software Engineering",1,89
"925","899219/Data Bases",3,47
"926","878937/Formal Languages",1,48
"927","393791/Formal Languages",1,73
"928","782677/Formal Languages",2,31
"929","310006/Software Engineering",1,51
"930","819069/Mathematics",1,81
"931","977981/Formal Languages",2,57
"932","412501/Software Engineering",1,46
"933","172676/OOP",1,34
"934","504521/Formal Languages",2,52
"935","942665/Formal Languages",1,55
"936","283090/Mathematics",1,60
"937","891637/OOP",1,54
"938","725906/Software Engineering",1,52
"939","979457/Data Bases",1,47
"940","217029/Mathematics",1,85
"941","970057/OOP",1,75
"942","455887/Data Bases",2,60
"943","771477/Formal Languages",2,53
"944","199185/Computer Networks",1,45
"945","504521/Data Bases",2,92
"946","858003/OOP",1,58
"947","971258/Formal Languages",2,54
"948","702365/Data Bases",1,70
"949","788026/OOP",2,60
"950","305318/OOP",1,64
"951","111449/Computer Networks",2,65
"952","289839/Computer Networks",3,67
"953","162889/Computer Networks",1,75
"954","432144/OOP",2,41
"955","679330/Data Bases",1,39
"956","241229/Computer Networks",2,57
"957","445495/Computer Networks",1,56
"958","611327/OOP",1,62
"959","302972/OOP",3,49
"960","193841/OOP",2,48
"961","772630/Mathematics",1,31
"962","576086/Formal Languages",3,50
"963","312076/Computer Networks",1,36
"964","563520/Software Engineering",2,60
"965","697254/Mathematics",1,79
"966","193841/Mathematics",3,63
"967","432144/Computer Networks",1,67
"968","111368/Software Engineering",2,61
"969","274403/Data Bases",1,61
"970","159766/Software Engineering",1,76
"971","127679/Software Engineering",2,65
"972","333111/Software Engineering",1,65
"973","327144/Formal Languages",1,50
"974","502355/Software Engineering",2,61
"975","983150/Software Engineering",2,73
"976","524991/Computer Networks",1,72
"977","153679/Computer Networks",1,43
"978","772630/Data Bases",1,63
"979","402279/Data Bases",3,29
"980","249999/Data Bases",1,70
"981","470654/Data Bases",2,94
"982","481188/Software Engineering",1,41
"983","843097/OOP",1,57
"984","750187/OOP",1,33
"985","134285/Data Bases",2,53
"986","301421/Formal Languages",1,63
"987","605896/OOP",2,73
"988","971258/Mathematics",1,61
"989","972853/Computer Networks",1,38
"990","928240/Formal Languages",1,79
"991","572146/Formal Languages",1,53
"992","127679/OOP",2,67
"993","312076/Mathematics",1,81
"994","843097/Mathematics",1,75
"995","998688/Data Bases",1,51
"996","856673/Computer Networks",1,54
"997","576086/Software Engineering",1,54
"998","661544/Formal Languages",2,75
"999","988856/Mathematics",3,36
"1000","233839/Computer Networks",1,54
"1001","292556/Software Engineering",2,44
"1002","565457/Formal Languages",1,48
"1003","401243/Software Engineering",2,54
"1004","943465/Formal Languages",1,67
"1005","728447/Formal Languages",3,56
"1006","232487/Data Bases",1,71
"1007","558972/Mathematics",2,66
"1008","858003/Data Bases",3,59
"1009","736413/Computer Networks",2,49
"1010","552325/Data Bases",1,57
"1011","320446/OOP",1,66
"1012","333111/OOP",3,71
"1013","152618/Formal Languages",2,66
"1014","979457/OOP",1,55
"1015","401424/Computer Networks",1,75
"1016","658673/Mathematics",3,25
"1017","950706/Computer Networks",1,72
"1018","923165/Data Bases",1,53
"1019","657642/OOP",1,73
"1020","956349/Data Bases",3,36
"1021","717033/Data Bases",1,46
"1022","876999/OOP",1,48
"1023","199185/Mathematics",1,54
"1024","341491/Mathematics",2,54
"1025","970057/Computer Networks",1,93
"1026","514550/Computer Networks",2,56
"1027","162889/Software Engineering",1,43
"1028","168541/Data Bases",1,74
"1029","432144/Data Bases",1,52
"1030","702365/Software Engineering",1,71
"1031","129820/Formal Languages",2,82
"1032","462587/Data Bases",2,70
"1033","602527/OOP",1,71
"1034","740600/Data Bases",1,45
"1035","468251/OOP",1,33
"1036","997118/Formal Languages",2,65
"1037","979457/Computer Networks",1,49
"1038","150714/Software Engineering",1,72
"1039","111368/Data Bases",3,48
"1040","657642/Formal Languages",3,64
"1041","394291/OOP",1,65
"1042","172676/Computer Networks",1,75
"1043","865792/Computer Networks",1,71
"1044","795670/Mathematics",3,52
"1045","628205/Formal Languages",1,54
"1046","730000/Computer Networks",2,88
"1047","890526/Mathematics",2,69
"1048","150714/Formal Languages",2,55
"1049","730000/Software Engineering",1,67
"1050","290040/OOP",1,68
"1051","375412/OOP",1,58
"1052","500594/Software Engineering",1,58
"1053","209173/Computer Networks",2,94
"1054","481188/Mathematics",2,70
"1055","899219/Formal Languages",2,45
"1056","141174/Computer Networks",3,59
"1057","956349/OOP",2,68
"1058","565457/Computer Networks",1,73
"1059","852722/Software Engineering",2,40
"1060","786383/Computer Networks",3,38
"1061","650857/Data Bases",1,66
"1062","438425/OOP",2,69
"1063","911920/Data Bases",3,54
"1064","689626/Software Engineering",2,50
"1065","220752/Software Engineering",1,60
"1066","228432/Data Bases",1,70
"1067","789624/Mathematics",2,51
"1068","143714/Software Engineering",1,63
"1069","611327/Computer Networks",1,47
"1070","956349/Formal Languages",1,68
"1071","310006/OOP",2,50
"1072","638731/OOP",1,69
"1073","843097/Computer Networks",1,40
"1074","497355/Mathematics",1,50
"1075","702336/Mathematics",1,74
"1076","206185/OOP",1,61
"1077","141174/Data Bases",3,57
"1078","852722/Computer Networks",3,33
"1079","576086/OOP",2,25
"1080","497355/Data Bases",1,87
"1081","650857/Mathematics",1,66
"1082","274403/Computer Networks",1,73
"1083","159766/Formal Languages",1,58
"1084","189094/Computer Networks",3,50
"1085","504521/OOP",1,70
"1086","332749/Data Bases",2,60
"1087","822482/Software Engineering",2,52
"1088","551206/OOP",2,102
"1089","744382/Formal Languages",1,47
"1090","924148/Formal Languages",1,42
"1091","963842/Mathematics",2,71
"1092","856673/Formal Languages",1,74
"1093","326761/Software Engineering",2,52
"1094","470654/Formal Languages",1,49
"1095","524991/Data Bases",2,45
"1096","942665/Computer Networks",1,45
"1097","702390/Computer Networks",3,68
"1098","516647/Computer Networks",1,53
"1099","688090/Computer Networks",3,67
"1100","744382/Software Engineering",2,74
"1101","459830/Software Engineering",1,77
"1102","199185/Formal Languages",2,60
"1103","772245/Software Engineering",1,89
"1104","150714/Mathematics",1,60
"1105","327144/Mathematics",1,72
"1106","963842/Computer Networks",1,49
"1107","839384/OOP",2,62
"1108","428911/Data Bases",2,54
"1109","313057/Formal Languages",1,55
"1110","865792/OOP",2,38
"1111","788026/Mathematics",1,48
"1112","950706/Data Bases",2,47
"1113","973130/Formal Languages",1,65
"1114","166089/Software Engineering",1,59
"1115","401424/Software Engineering",1,39
"1116","878587/Formal Languages",3,62
"1117","956349/Computer Networks",2,63
"1118","166089/Computer Networks",1,32
"1119","105583/Formal Languages",2,68
"1120","963842/Formal Languages",1,79
"1121","166089/OOP",1,53
"1122","509605/Formal Languages",2,58
"1123","397272/Computer Networks",1,75
"1124","152618/OOP",1,30
"1125","801251/Data Bases",2,72
"1126","628205/Mathematics",1,46
"1127","421675/OOP",2,58
"1128","289839/Mathematics",2,72
"1129","132157/Computer Networks",1,52
"1130","602527/Computer Networks",2,37
"1131","602527/Formal Languages",1,63
"1132","432144/Software Engineering",2,47
"1133","143714/OOP",3,45
"1134","302972/Software Engineering",2,84
"1135","210267/Data Bases",2,63
"1136","697254/Computer Networks",1,64
"1137","558972/OOP",1,43
